"Domain: hrzx.tv| BL: 9| DP: 0| ABY: -| ARC: 0| Alexa: 0| Dmoz: -| C: .com registered| N: .net registered| O: .org available| D: .de available| Reg: 8| RDT: 94| Dropped: Today 04:28| Status: available

",<_io.TextIOWrapper name='data_from_deleted.csv' mode='a' encoding='utf8'>
"Domain: DoubleAgentSmith.tv| BL: 0| DP: 0| ABY: -| ARC: 0| Alexa: 0| Dmoz: -| C: .com registered| N: .net available| O: .org available| D: .de available| Reg: 1| RDT: 2| Dropped: Today 04:28| Status: available

",<_io.TextIOWrapper name='data_from_deleted.csv' mode='a' encoding='utf8'>
"Domain: ElevateEnergy.tv| BL: 0| DP: 0| ABY: -| ARC: 0| Alexa: 0| Dmoz: -| C: .com registered| N: .net registered| O: .org registered| D: .de available| Reg: 6| RDT: 17| Dropped: Today 04:28| Status: available

",<_io.TextIOWrapper name='data_from_deleted.csv' mode='a' encoding='utf8'>
"Domain: dawaa.tv| BL: 0| DP: 0| ABY: -| ARC: 0| Alexa: 0| Dmoz: -| C: .com registered| N: .net registered| O: .org registered| D: .de available| Reg: 24| RDT: 176| Dropped: Today 04:28| Status: available

",<_io.TextIOWrapper name='data_from_deleted.csv' mode='a' encoding='utf8'>
"Domain: LionessLeoLaura.tv| BL: 0| DP: 0| ABY: -| ARC: 0| Alexa: 0| Dmoz: -| C: .com available| N: .net available| O: .org available| D: .de available| Reg: 0| RDT: -| Dropped: Today 04:28| Status: available

",<_io.TextIOWrapper name='data_from_deleted.csv' mode='a' encoding='utf8'>
"Domain: mscarrie.tv| BL: 0| DP: 0| ABY: -| ARC: 0| Alexa: 0| Dmoz: -| C: .com registered| N: .net available| O: .org available| D: .de available| Reg: 1| RDT: 10| Dropped: Today 04:28| Status: available

",<_io.TextIOWrapper name='data_from_deleted.csv' mode='a' encoding='utf8'>
"Domain: FoodService.tv| BL: 0| DP: 0| ABY: 2003| ARC: 18| Alexa: 0| Dmoz: -| C: .com registered| N: .net registered| O: .org registered| D: .de registered| Reg: 144| RDT: 4.4 K| Dropped: Today 04:28| Status: available

",<_io.TextIOWrapper name='data_from_deleted.csv' mode='a' encoding='utf8'>
"Domain: Porno2020.tv| BL: 0| DP: 0| ABY: -| ARC: 0| Alexa: 0| Dmoz: -| C: .com registered| N: .net registered| O: .org available| D: .de available| Reg: 8| RDT: 1| Dropped: Today 04:28| Status: available

",<_io.TextIOWrapper name='data_from_deleted.csv' mode='a' encoding='utf8'>
"Domain: vinsur20.tv| BL: 0| DP: 0| ABY: -| ARC: 0| Alexa: 0| Dmoz: -| C: .com registered| N: .net registered| O: .org available| D: .de available| Reg: 4| RDT: 5| Dropped: Today 04:28| Status: available

",<_io.TextIOWrapper name='data_from_deleted.csv' mode='a' encoding='utf8'>
"Domain: TheImperium.tv| BL: 0| DP: 0| ABY: -| ARC: 0| Alexa: 0| Dmoz: -| C: .com registered| N: .net registered| O: .org registered| D: .de registered| Reg: 13| RDT: 41| Dropped: Today 04:28| Status: available

",<_io.TextIOWrapper name='data_from_deleted.csv' mode='a' encoding='utf8'>
"Domain: MissionMedia.tv| BL: 0| DP: 0| ABY: -| ARC: 0| Alexa: 0| Dmoz: -| C: .com registered| N: .net registered| O: .org registered| D: .de registered| Reg: 16| RDT: 71| Dropped: Today 04:28| Status: available

",<_io.TextIOWrapper name='data_from_deleted.csv' mode='a' encoding='utf8'>
"Domain: madgio.tv| BL: 0| DP: 0| ABY: -| ARC: 0| Alexa: 0| Dmoz: -| C: .com registered| N: .net available| O: .org available| D: .de available| Reg: 2| RDT: 3| Dropped: Today 04:28| Status: available

",<_io.TextIOWrapper name='data_from_deleted.csv' mode='a' encoding='utf8'>
"Domain: syarah.tv| BL: 0| DP: 0| ABY: -| ARC: 0| Alexa: 0| Dmoz: -| C: .com registered| N: .net registered| O: .org available| D: .de available| Reg: 10| RDT: 43| Dropped: Today 04:28| Status: available

",<_io.TextIOWrapper name='data_from_deleted.csv' mode='a' encoding='utf8'>
"Domain: BigTimeRob.tv| BL: 0| DP: 0| ABY: -| ARC: 0| Alexa: 0| Dmoz: -| C: .com available| N: .net available| O: .org available| D: .de available| Reg: 0| RDT: 1| Dropped: Today 04:28| Status: available

",<_io.TextIOWrapper name='data_from_deleted.csv' mode='a' encoding='utf8'>
"Domain: JacksSmirk.tv| BL: 0| DP: 0| ABY: 2020| ARC: 1| Alexa: 0| Dmoz: -| C: .com available| N: .net available| O: .org available| D: .de available| Reg: 0| RDT: -| Dropped: Today 04:28| Status: available

",<_io.TextIOWrapper name='data_from_deleted.csv' mode='a' encoding='utf8'>
"Domain: LuxuryDaily.tv| BL: 0| DP: 0| ABY: 2018| ARC: 1| Alexa: 0| Dmoz: -| C: .com registered| N: .net registered| O: .org registered| D: .de registered| Reg: 9| RDT: 18| Dropped: Today 04:28| Status: available

",<_io.TextIOWrapper name='data_from_deleted.csv' mode='a' encoding='utf8'>
"Domain: trueimp4ct.tv| BL: 0| DP: 0| ABY: -| ARC: 0| Alexa: 0| Dmoz: -| C: .com available| N: .net available| O: .org available| D: .de available| Reg: 0| RDT: -| Dropped: Today 04:28| Status: available

",<_io.TextIOWrapper name='data_from_deleted.csv' mode='a' encoding='utf8'>
"Domain: huiguo.tv| BL: 1.1 K| DP: 0| ABY: -| ARC: 0| Alexa: 0| Dmoz: -| C: .com registered| N: .net registered| O: .org registered| D: .de available| Reg: 27| RDT: 526| Dropped: Today 04:28| Status: available

",<_io.TextIOWrapper name='data_from_deleted.csv' mode='a' encoding='utf8'>
"Domain: 999s.tv| BL: 0| DP: 0| ABY: -| ARC: 0| Alexa: 0| Dmoz: -| C: .com registered| N: .net registered| O: .org available| D: .de registered| Reg: 28| RDT: 644| Dropped: Today 04:28| Status: available

",<_io.TextIOWrapper name='data_from_deleted.csv' mode='a' encoding='utf8'>
"Domain: MarsBahIs33.tv| BL: 0| DP: 0| ABY: 2019| ARC: 5| Alexa: 0| Dmoz: -| C: .com available| N: .net available| O: .org available| D: .de available| Reg: 0| RDT: 3| Dropped: Today 04:28| Status: available

",<_io.TextIOWrapper name='data_from_deleted.csv' mode='a' encoding='utf8'>
"Domain: SecurityToken.tv| BL: 0| DP: 0| ABY: -| ARC: 0| Alexa: 0| Dmoz: -| C: .com registered| N: .net registered| O: .org registered| D: .de registered| Reg: 91| RDT: 567| Dropped: Today 04:28| Status: available

",<_io.TextIOWrapper name='data_from_deleted.csv' mode='a' encoding='utf8'>
"Domain: SirIsaac.tv| BL: 0| DP: 0| ABY: -| ARC: 0| Alexa: 0| Dmoz: -| C: .com registered| N: .net registered| O: .org registered| D: .de registered| Reg: 6| RDT: 26| Dropped: Today 04:28| Status: available

",<_io.TextIOWrapper name='data_from_deleted.csv' mode='a' encoding='utf8'>
"Domain: parazite.tv| BL: 0| DP: 0| ABY: -| ARC: 0| Alexa: 0| Dmoz: -| C: .com registered| N: .net available| O: .org registered| D: .de available| Reg: 7| RDT: 10| Dropped: Today 04:28| Status: available

",<_io.TextIOWrapper name='data_from_deleted.csv' mode='a' encoding='utf8'>
"Domain: tongi.tv| BL: 0| DP: 0| ABY: -| ARC: 0| Alexa: 0| Dmoz: -| C: .com registered| N: .net registered| O: .org registered| D: .de registered| Reg: 11| RDT: 384| Dropped: Today 04:28| Status: available

",<_io.TextIOWrapper name='data_from_deleted.csv' mode='a' encoding='utf8'>
"Domain: lionzire.tv| BL: 0| DP: 0| ABY: -| ARC: 0| Alexa: 0| Dmoz: -| C: .com available| N: .net available| O: .org available| D: .de available| Reg: 0| RDT: -| Dropped: Today 04:28| Status: available

",<_io.TextIOWrapper name='data_from_deleted.csv' mode='a' encoding='utf8'>
"Domain: CamiCakes.tv| BL: 0| DP: 0| ABY: -| ARC: 0| Alexa: 0| Dmoz: -| C: .com registered| N: .net available| O: .org available| D: .de available| Reg: 2| RDT: 6| Dropped: Today 04:28| Status: available

",<_io.TextIOWrapper name='data_from_deleted.csv' mode='a' encoding='utf8'>
"Domain: LemonBuzz.tv| BL: 0| DP: 0| ABY: -| ARC: 0| Alexa: 0| Dmoz: -| C: .com registered| N: .net available| O: .org available| D: .de available| Reg: 1| RDT: 3| Dropped: Today 04:28| Status: available

",<_io.TextIOWrapper name='data_from_deleted.csv' mode='a' encoding='utf8'>
"Domain: worg.tv| BL: 0| DP: 0| ABY: -| ARC: 0| Alexa: 0| Dmoz: -| C: .com registered| N: .net registered| O: .org registered| D: .de registered| Reg: 28| RDT: 302| Dropped: Today 04:28| Status: available

",<_io.TextIOWrapper name='data_from_deleted.csv' mode='a' encoding='utf8'>
"Domain: ns22.tv| BL: 0| DP: 0| ABY: -| ARC: 0| Alexa: 0| Dmoz: -| C: .com registered| N: .net registered| O: .org available| D: .de registered| Reg: 6| RDT: 145| Dropped: Today 04:28| Status: available

",<_io.TextIOWrapper name='data_from_deleted.csv' mode='a' encoding='utf8'>
"Domain: BitcoinTesla.tv| BL: 0| DP: 0| ABY: -| ARC: 0| Alexa: 0| Dmoz: -| C: .com registered| N: .net registered| O: .org registered| D: .de available| Reg: 5| RDT: 8| Dropped: Today 04:28| Status: available

",<_io.TextIOWrapper name='data_from_deleted.csv' mode='a' encoding='utf8'>
"Domain: TransWomen.tv| BL: 0| DP: 0| ABY: -| ARC: 0| Alexa: 0| Dmoz: -| C: .com registered| N: .net registered| O: .org registered| D: .de registered| Reg: 7| RDT: 43| Dropped: Today 04:28| Status: available

",<_io.TextIOWrapper name='data_from_deleted.csv' mode='a' encoding='utf8'>
"Domain: BusinessBeast.tv| BL: 0| DP: 0| ABY: -| ARC: 0| Alexa: 0| Dmoz: -| C: .com registered| N: .net available| O: .org available| D: .de registered| Reg: 3| RDT: 12| Dropped: Today 04:28| Status: available

",<_io.TextIOWrapper name='data_from_deleted.csv' mode='a' encoding='utf8'>
"Domain: GodsUnchained.tv| BL: 0| DP: 0| ABY: -| ARC: 0| Alexa: 0| Dmoz: -| C: .com registered| N: .net registered| O: .org registered| D: .de registered| Reg: 27| RDT: 7| Dropped: Today 04:28| Status: available

",<_io.TextIOWrapper name='data_from_deleted.csv' mode='a' encoding='utf8'>
"Domain: tameggo.tv| BL: 0| DP: 0| ABY: -| ARC: 0| Alexa: 0| Dmoz: -| C: .com available| N: .net available| O: .org available| D: .de available| Reg: 0| RDT: -| Dropped: Today 04:28| Status: available

",<_io.TextIOWrapper name='data_from_deleted.csv' mode='a' encoding='utf8'>
"Domain: DemonChad.tv| BL: 0| DP: 0| ABY: -| ARC: 0| Alexa: 0| Dmoz: -| C: .com available| N: .net available| O: .org available| D: .de available| Reg: 0| RDT: -| Dropped: Today 04:28| Status: available

",<_io.TextIOWrapper name='data_from_deleted.csv' mode='a' encoding='utf8'>
"Domain: jokerztrix.tv| BL: 0| DP: 0| ABY: -| ARC: 0| Alexa: 0| Dmoz: -| C: .com available| N: .net available| O: .org available| D: .de available| Reg: 0| RDT: -| Dropped: Today 04:28| Status: available

",<_io.TextIOWrapper name='data_from_deleted.csv' mode='a' encoding='utf8'>
"Domain: 91xxoo.tv| BL: 0| DP: 0| ABY: -| ARC: 0| Alexa: 0| Dmoz: -| C: .com registered| N: .net registered| O: .org available| D: .de available| Reg: 7| RDT: 8| Dropped: Today 04:28| Status: available

",<_io.TextIOWrapper name='data_from_deleted.csv' mode='a' encoding='utf8'>
"Domain: hoenma.tv| BL: 0| DP: 0| ABY: -| ARC: 0| Alexa: 0| Dmoz: -| C: .com available| N: .net available| O: .org available| D: .de available| Reg: 0| RDT: 1| Dropped: Today 04:28| Status: available

",<_io.TextIOWrapper name='data_from_deleted.csv' mode='a' encoding='utf8'>
"Domain: NetSpor61.tv| BL: 1| DP: 0| ABY: 2019| ARC: 7| Alexa: 0| Dmoz: -| C: .com available| N: .net available| O: .org available| D: .de available| Reg: 0| RDT: -| Dropped: Today 04:28| Status: available

",<_io.TextIOWrapper name='data_from_deleted.csv' mode='a' encoding='utf8'>
"Domain: PizzaExplorer.tv| BL: 0| DP: 0| ABY: -| ARC: 0| Alexa: 0| Dmoz: -| C: .com registered| N: .net available| O: .org available| D: .de available| Reg: 1| RDT: 3| Dropped: Today 04:28| Status: available

",<_io.TextIOWrapper name='data_from_deleted.csv' mode='a' encoding='utf8'>
"Domain: frederico.tv| BL: 0| DP: 0| ABY: -| ARC: 0| Alexa: 0| Dmoz: -| C: .com registered| N: .net registered| O: .org registered| D: .de registered| Reg: 28| RDT: 330| Dropped: Today 04:28| Status: available

",<_io.TextIOWrapper name='data_from_deleted.csv' mode='a' encoding='utf8'>
"Domain: thebigshakuna.tv| BL: 0| DP: 0| ABY: -| ARC: 0| Alexa: 0| Dmoz: -| C: .com available| N: .net available| O: .org available| D: .de available| Reg: 0| RDT: -| Dropped: Today 04:28| Status: available

",<_io.TextIOWrapper name='data_from_deleted.csv' mode='a' encoding='utf8'>
"Domain: kushynugs.tv| BL: 0| DP: 0| ABY: -| ARC: 0| Alexa: 0| Dmoz: -| C: .com available| N: .net available| O: .org available| D: .de available| Reg: 0| RDT: -| Dropped: Today 04:28| Status: available

",<_io.TextIOWrapper name='data_from_deleted.csv' mode='a' encoding='utf8'>
"Domain: ToriLac.tv| BL: 0| DP: 0| ABY: -| ARC: 0| Alexa: 0| Dmoz: -| C: .com registered| N: .net available| O: .org available| D: .de available| Reg: 1| RDT: 4| Dropped: Today 04:28| Status: available

",<_io.TextIOWrapper name='data_from_deleted.csv' mode='a' encoding='utf8'>
"Domain: Mand.tv| BL: 0| DP: 0| ABY: -| ARC: 0| Alexa: 0| Dmoz: -| C: .com registered| N: .net registered| O: .org registered| D: .de registered| Reg: 71| RDT: 66.2 K| Dropped: Today 04:28| Status: available

",<_io.TextIOWrapper name='data_from_deleted.csv' mode='a' encoding='utf8'>
"Domain: Mailer.tv| BL: 0| DP: 0| ABY: 2007| ARC: 17| Alexa: 0| Dmoz: -| C: .com registered| N: .net registered| O: .org registered| D: .de registered| Reg: 178| RDT: 7.4 K| Dropped: Today 04:28| Status: available

",<_io.TextIOWrapper name='data_from_deleted.csv' mode='a' encoding='utf8'>
"Domain: roxas1337.tv| BL: 0| DP: 0| ABY: -| ARC: 0| Alexa: 0| Dmoz: -| C: .com available| N: .net available| O: .org available| D: .de available| Reg: 0| RDT: -| Dropped: Today 04:28| Status: available

",<_io.TextIOWrapper name='data_from_deleted.csv' mode='a' encoding='utf8'>
"Domain: DaveyNieves.tv| BL: 0| DP: 0| ABY: -| ARC: 0| Alexa: 0| Dmoz: -| C: .com available| N: .net available| O: .org available| D: .de available| Reg: 0| RDT: -| Dropped: Today 04:28| Status: available

",<_io.TextIOWrapper name='data_from_deleted.csv' mode='a' encoding='utf8'>
"Domain: avatarahri.tv| BL: 0| DP: 0| ABY: -| ARC: 0| Alexa: 0| Dmoz: -| C: .com available| N: .net available| O: .org available| D: .de available| Reg: 0| RDT: -| Dropped: Today 04:28| Status: available

",<_io.TextIOWrapper name='data_from_deleted.csv' mode='a' encoding='utf8'>
"Domain: OperAtIoneSports.tv| BL: 0| DP: 0| ABY: -| ARC: 0| Alexa: 0| Dmoz: -| C: .com registered| N: .net registered| O: .org registered| D: .de available| Reg: 3| RDT: 6| Dropped: Today 04:28| Status: available

",<_io.TextIOWrapper name='data_from_deleted.csv' mode='a' encoding='utf8'>
"Domain: PandaPanda.tv| BL: 0| DP: 0| ABY: -| ARC: 0| Alexa: 0| Dmoz: -| C: .com registered| N: .net registered| O: .org registered| D: .de registered| Reg: 37| RDT: 28| Dropped: Today 04:28| Status: available

",<_io.TextIOWrapper name='data_from_deleted.csv' mode='a' encoding='utf8'>
"Domain: tasoril.tv| BL: 0| DP: 0| ABY: -| ARC: 0| Alexa: 0| Dmoz: -| C: .com registered| N: .net available| O: .org available| D: .de available| Reg: 1| RDT: 2| Dropped: Today 04:28| Status: available

",<_io.TextIOWrapper name='data_from_deleted.csv' mode='a' encoding='utf8'>
"Domain: WolfSleigher.tv| BL: 0| DP: 0| ABY: -| ARC: 0| Alexa: 0| Dmoz: -| C: .com available| N: .net available| O: .org available| D: .de available| Reg: 0| RDT: -| Dropped: Today 04:28| Status: available

",<_io.TextIOWrapper name='data_from_deleted.csv' mode='a' encoding='utf8'>
"Domain: merkz.tv| BL: 0| DP: 0| ABY: -| ARC: 0| Alexa: 0| Dmoz: -| C: .com registered| N: .net available| O: .org available| D: .de available| Reg: 5| RDT: 23| Dropped: Today 04:28| Status: available

",<_io.TextIOWrapper name='data_from_deleted.csv' mode='a' encoding='utf8'>
"Domain: BranDad.tv| BL: 0| DP: 0| ABY: -| ARC: 0| Alexa: 0| Dmoz: -| C: .com registered| N: .net registered| O: .org registered| D: .de registered| Reg: 25| RDT: 237| Dropped: Today 04:28| Status: available

",<_io.TextIOWrapper name='data_from_deleted.csv' mode='a' encoding='utf8'>
"Domain: 598cp.tv| BL: 0| DP: 0| ABY: -| ARC: 0| Alexa: 0| Dmoz: -| C: .com registered| N: .net registered| O: .org registered| D: .de available| Reg: 4| RDT: 22| Dropped: Today 04:28| Status: available

",<_io.TextIOWrapper name='data_from_deleted.csv' mode='a' encoding='utf8'>
